,decline,recovery,final_level
Aggressive,-9.480670214419607,24.51273903562913,12.708096872720223
Moderate,-12.028429694144599,17.119916684204302,3.0322298480040577
Limited,-10.304364932443516,30.375914852955344,16.941504802494997
