,decline_depth,recovery_speed,final_recovery
East Asia,-0.8296541902567285,6.0346874843275025,0.19832953580862614
Southeast Asia,-0.5432092363601009,1.6708895855691555,0.22003769338998838
Europe,-0.6209500341804419,1.5201566763117103,-0.044734697984115016
North America,-0.6154262977584822,1.6848574991940217,0.03252558845594763
